<core:FragmentDefinition xmlns:m="sap.m" xmlns:f="sap.ui.layout.form" xmlns:core="sap.ui.core" xmlns:mvc="sap.ui.core.mvc" xmlns="sap.m"
	xmlns:html="http://www.w3.org/1999/xhtml">
	<Toolbar ariaLabelledBy="Title" id="barTra">
		<Title text="Parcours"/>
		<ToolbarSpacer/>
	</Toolbar>
	<Label text="Depart"/>
	<Input width="100%" fieldWidth="100%" id="departTra" required="true"/>
	<Label text="Destination"/>
	<Input width="100%" fieldWidth="100%" id="destinationTra" required="true"/>
	<!--
	<Label text="Moyen de transport"/>
	<Label text="Distance"></Label>
	<Input id="distanceTra" width="100%" fieldWidth="100%" value="0" liveChange="valueCheck" valueLiveUpdate="true" required="true"></Input>
	<Label text="Frais"></Label>
	<Input id="fraisTra" width="100%" fieldWidth="100%" value="0" liveChange="valueCheck" valueLiveUpdate="true" required="true"></Input>
	-->
	<Label id="labelTranTra" text="Mode de Transport"></Label>
	<ComboBox width="100%" id="transportTra" required="true" selectedKey="" change="typeChangeDyn">
		<items>
			<core:Item key="VOI" text="Voiture"/>
			<core:Item key="COV" text="Co-voiturage"/>
			<core:Item text="Metro" id="met" key="MET"/>
			<core:Item text="Bus" key="BUS"/>
			<core:Item text="Train" key="TRN"/>
			<core:Item text="Tram" key="TRM"/>
			<core:Item text="A pied" key="PIE"/>
			<core:Item text="Vélo" key="VEL"/>
		</items>
	</ComboBox>
</core:FragmentDefinition>