<edmx:Edmx xmlns:edmx="http://schemas.microsoft.com/ado/2007/06/edmx"
	xmlns:m="http://schemas.microsoft.com/ado/2007/08/dataservices/metadata" xmlns:sap="http://www.sap.com/Protocols/SAPData" Version="1.0">
	<edmx:DataServices m:DataServiceVersion="2.0">
		<Schema xmlns="http://schemas.microsoft.com/ado/2008/09/edm" Namespace="ZHR_MNGMNT_FRA_TRANS_SRV" xml:lang="fr" sap:schema-version="1">
			<EntityType Name="Greenscore" sap:content-version="1">
				<Key><PropertyRef Name="Mandt"/><PropertyRef Name="Pernr"/></Key><Property Name="Mandt" Type="Edm.String" Nullable="false" MaxLength="3" sap:unicode="false" sap:label="Mandant" sap:creatable="false"
					sap:updatable="false" sap:sortable="false" sap:filterable="false"/><Property Name="Pernr" Type="Edm.String" Nullable="false" MaxLength="8" sap:unicode="false" sap:label="Matricule" sap:creatable="false"
					sap:updatable="false" sap:sortable="false" sap:filterable="false"/><Property Name="Score" Type="Edm.Int32" Nullable="false" sap:unicode="false" sap:creatable="false" sap:updatable="false"
					sap:sortable="false" sap:filterable="false"/><Property Name="Begda" Type="Edm.DateTime" Nullable="false" Precision="7" sap:unicode="false" sap:label="Date déb." sap:creatable="false"
					sap:updatable="false" sap:sortable="false" sap:filterable="false"/><Property Name="Endda" Type="Edm.DateTime" Nullable="false" Precision="7" sap:unicode="false" sap:label="Date fin" sap:creatable="false"
					sap:updatable="false" sap:sortable="false" sap:filterable="false"/></EntityType>
			<EntityType Name="Routine" sap:content-version="1">
				<Key><PropertyRef Name="Mandt"/><PropertyRef Name="Pernr"/><PropertyRef Name="Id"/></Key><Property Name="Mandt" Type="Edm.String" Nullable="false" MaxLength="3" sap:unicode="false" sap:label="Mandant" sap:creatable="false"
					sap:updatable="false" sap:sortable="false" sap:filterable="false"/><Property Name="Pernr" Type="Edm.String" Nullable="false" MaxLength="8" sap:unicode="false" sap:label="Matricule" sap:creatable="false"
					sap:updatable="false" sap:sortable="false" sap:filterable="false"/><Property Name="Id" Type="Edm.String" Nullable="false" MaxLength="8" sap:unicode="false" sap:label="Formation" sap:creatable="false"
					sap:updatable="false" sap:sortable="false" sap:filterable="false"/><Property Name="Nom" Type="Edm.String" Nullable="false" MaxLength="32" sap:unicode="false" sap:creatable="false" sap:updatable="false"
					sap:sortable="false" sap:filterable="false"/><Property Name="Begda" Type="Edm.DateTime" Nullable="false" Precision="7" sap:unicode="false" sap:label="Date déb." sap:creatable="false"
					sap:updatable="false" sap:sortable="false" sap:filterable="false"/><Property Name="Endda" Type="Edm.DateTime" Nullable="false" Precision="7" sap:unicode="false" sap:label="Date fin" sap:creatable="false"
					sap:updatable="false" sap:sortable="false" sap:filterable="false"/><Property Name="DistancePrevu" Type="Edm.Decimal" Nullable="false" Precision="6" Scale="2" sap:unicode="false" sap:creatable="false"
					sap:updatable="false" sap:sortable="false" sap:filterable="false"/><Property Name="DistanceParcouru" Type="Edm.Decimal" Nullable="false" Precision="6" Scale="2" sap:unicode="false" sap:creatable="false"
					sap:updatable="false" sap:sortable="false" sap:filterable="false"/><Property Name="TempsPrevu" Type="Edm.Time" Nullable="false" Precision="0" sap:unicode="false" sap:creatable="false" sap:updatable="false"
					sap:sortable="false" sap:filterable="false"/><Property Name="TempsEnMotion" Type="Edm.Time" Nullable="false" Precision="0" sap:unicode="false" sap:creatable="false"
					sap:updatable="false" sap:sortable="false" sap:filterable="false"/><Property Name="RemarqueAdmin" Type="Edm.String" Nullable="false" MaxLength="64" sap:unicode="false" sap:creatable="false"
					sap:updatable="false" sap:sortable="false" sap:filterable="false"/><Property Name="RemarqueUser" Type="Edm.String" Nullable="false" MaxLength="64" sap:unicode="false" sap:creatable="false"
					sap:updatable="false" sap:sortable="false" sap:filterable="false"/><Property Name="NbrRoutineRealisee" Type="Edm.Byte" Nullable="false" sap:unicode="false" sap:creatable="false" sap:updatable="false"
					sap:sortable="false" sap:filterable="false"/><Property Name="FraisRoutine" Type="Edm.Decimal" Nullable="false" Precision="4" Scale="2" sap:unicode="false" sap:creatable="false"
					sap:updatable="false" sap:sortable="false" sap:filterable="false"/><Property Name="MontantRembourse" Type="Edm.Decimal" Nullable="false" Precision="4" Scale="2" sap:unicode="false" sap:creatable="false"
					sap:updatable="false" sap:sortable="false" sap:filterable="false"/><Property Name="Etat" Type="Edm.String" Nullable="false" MaxLength="10" sap:unicode="false" sap:creatable="false" sap:updatable="false"
					sap:sortable="false" sap:filterable="false"/><Property Name="RaisonTrajet" Type="Edm.String" Nullable="false" MaxLength="14" sap:unicode="false" sap:creatable="false"
					sap:updatable="false" sap:sortable="false" sap:filterable="false"/><Property Name="ModeEncodage" Type="Edm.String" Nullable="false" MaxLength="7" sap:unicode="false" sap:creatable="false"
					sap:updatable="false" sap:sortable="false" sap:filterable="false"/></EntityType>
			<EntityType Name="Sous_Trajet" sap:content-version="1">
				<Key><PropertyRef Name="Mandt"/><PropertyRef Name="Id"/></Key><Property Name="Mandt" Type="Edm.String" Nullable="false" MaxLength="3" sap:unicode="false" sap:label="Mandant" sap:creatable="false"
					sap:updatable="false" sap:sortable="false" sap:filterable="false"/><Property Name="Id" Type="Edm.String" Nullable="false" MaxLength="8" sap:unicode="false" sap:label="Formation" sap:creatable="false"
					sap:updatable="false" sap:sortable="false" sap:filterable="false"/><Property Name="Nom" Type="Edm.String" Nullable="false" MaxLength="32" sap:unicode="false" sap:creatable="false" sap:updatable="false"
					sap:sortable="false" sap:filterable="false"/><Property Name="Begda" Type="Edm.DateTime" Nullable="false" Precision="7" sap:unicode="false" sap:label="Date déb." sap:creatable="false"
					sap:updatable="false" sap:sortable="false" sap:filterable="false"/><Property Name="Endda" Type="Edm.DateTime" Nullable="false" Precision="7" sap:unicode="false" sap:label="Date fin" sap:creatable="false"
					sap:updatable="false" sap:sortable="false" sap:filterable="false"/><Property Name="ModeTransport" Type="Edm.String" Nullable="false" MaxLength="3" sap:unicode="false" sap:creatable="false"
					sap:updatable="false" sap:sortable="false" sap:filterable="false"/><Property Name="Depart" Type="Edm.String" Nullable="false" MaxLength="20" sap:unicode="false" sap:creatable="false" sap:updatable="false"
					sap:sortable="false" sap:filterable="false"/><Property Name="Destination" Type="Edm.String" Nullable="false" MaxLength="20" sap:unicode="false" sap:creatable="false"
					sap:updatable="false" sap:sortable="false" sap:filterable="false"/><Property Name="Debut" Type="Edm.String" Nullable="false" MaxLength="1" sap:unicode="false" sap:creatable="false" sap:updatable="false"
					sap:sortable="false" sap:filterable="false"/><Property Name="FkRoutine" Type="Edm.String" Nullable="false" MaxLength="8" sap:unicode="false" sap:label="Formation" sap:creatable="false"
					sap:updatable="false" sap:sortable="false" sap:filterable="false"/><Property Name="FkTrajet" Type="Edm.String" Nullable="false" MaxLength="8" sap:unicode="false" sap:label="Formation" sap:creatable="false"
					sap:updatable="false" sap:sortable="false" sap:filterable="false"/></EntityType>
			<EntityType Name="Trajet_Specifique" sap:content-version="1">
				<Key><PropertyRef Name="Mandt"/><PropertyRef Name="Pernr"/><PropertyRef Name="Id"/></Key><Property Name="Mandt" Type="Edm.String" Nullable="false" MaxLength="3" sap:unicode="false" sap:label="Mandant" sap:creatable="false"
					sap:updatable="false" sap:sortable="false" sap:filterable="false"/><Property Name="Pernr" Type="Edm.String" Nullable="false" MaxLength="8" sap:unicode="false" sap:label="Matricule" sap:creatable="false"
					sap:updatable="false" sap:sortable="false" sap:filterable="false"/><Property Name="Id" Type="Edm.String" Nullable="false" MaxLength="8" sap:unicode="false" sap:label="Formation" sap:creatable="false"
					sap:updatable="false" sap:sortable="false" sap:filterable="false"/><Property Name="Nom" Type="Edm.String" Nullable="false" MaxLength="32" sap:unicode="false" sap:creatable="false" sap:updatable="false"
					sap:sortable="false" sap:filterable="false"/><Property Name="Begda" Type="Edm.DateTime" Nullable="false" Precision="7" sap:unicode="false" sap:label="Date déb." sap:creatable="false"
					sap:updatable="false" sap:sortable="false" sap:filterable="false"/><Property Name="Endda" Type="Edm.DateTime" Nullable="false" Precision="7" sap:unicode="false" sap:label="Date fin" sap:creatable="false"
					sap:updatable="false" sap:sortable="false" sap:filterable="false"/><Property Name="DistancePrevu" Type="Edm.Decimal" Nullable="false" Precision="6" Scale="2" sap:unicode="false" sap:creatable="false"
					sap:updatable="false" sap:sortable="false" sap:filterable="false"/><Property Name="DistanceParcouru" Type="Edm.Decimal" Nullable="false" Precision="6" Scale="2" sap:unicode="false" sap:creatable="false"
					sap:updatable="false" sap:sortable="false" sap:filterable="false"/><Property Name="TempsPrevu" Type="Edm.Time" Nullable="false" Precision="0" sap:unicode="false" sap:creatable="false" sap:updatable="false"
					sap:sortable="false" sap:filterable="false"/><Property Name="TempsEnMotion" Type="Edm.Time" Nullable="false" Precision="0" sap:unicode="false" sap:creatable="false"
					sap:updatable="false" sap:sortable="false" sap:filterable="false"/><Property Name="RemarqueAdmin" Type="Edm.String" Nullable="false" MaxLength="64" sap:unicode="false" sap:creatable="false"
					sap:updatable="false" sap:sortable="false" sap:filterable="false"/><Property Name="RemarqueUser" Type="Edm.String" Nullable="false" MaxLength="64" sap:unicode="false" sap:creatable="false"
					sap:updatable="false" sap:sortable="false" sap:filterable="false"/><Property Name="FraisTrajet" Type="Edm.Decimal" Nullable="false" Precision="4" Scale="2" sap:unicode="false" sap:creatable="false"
					sap:updatable="false" sap:sortable="false" sap:filterable="false"/><Property Name="MontantRembourse" Type="Edm.Decimal" Nullable="false" Precision="4" Scale="2" sap:unicode="false" sap:creatable="false"
					sap:updatable="false" sap:sortable="false" sap:filterable="false"/><Property Name="Etat" Type="Edm.String" Nullable="false" MaxLength="3" sap:unicode="false" sap:creatable="false" sap:updatable="false"
					sap:sortable="false" sap:filterable="false"/><Property Name="RaisonTrajet" Type="Edm.String" Nullable="false" MaxLength="3" sap:unicode="false" sap:creatable="false"
					sap:updatable="false" sap:sortable="false" sap:filterable="false"/><Property Name="ModeEncodage" Type="Edm.String" Nullable="false" MaxLength="3" sap:unicode="false" sap:creatable="false"
					sap:updatable="false" sap:sortable="false" sap:filterable="false"/></EntityType>
			<EntityContainer Name="ZHR_MNGMNT_FRA_TRANS_SRV_Entities" m:IsDefaultEntityContainer="true" sap:supported-formats="atom json xlsx"><EntitySet Name="GreenscoreSet" EntityType="ZHR_MNGMNT_FRA_TRANS_SRV.Greenscore" sap:creatable="false" sap:updatable="false"
				sap:deletable="false" sap:pageable="false" sap:content-version="1"/><EntitySet Name="RoutineSet" EntityType="ZHR_MNGMNT_FRA_TRANS_SRV.Routine" sap:creatable="false" sap:updatable="false" sap:deletable="false"
				sap:pageable="false" sap:content-version="1"/><EntitySet Name="Sous_TrajetSet" EntityType="ZHR_MNGMNT_FRA_TRANS_SRV.Sous_Trajet" sap:creatable="false" sap:updatable="false"
				sap:deletable="false" sap:pageable="false" sap:content-version="1"/><EntitySet Name="Trajet_SpecifiqueSet" EntityType="ZHR_MNGMNT_FRA_TRANS_SRV.Trajet_Specifique" sap:creatable="false" sap:updatable="false"
				sap:deletable="false" sap:pageable="false" sap:content-version="1"/></EntityContainer><atom:link xmlns:atom="http://www.w3.org/2005/Atom" rel="self" href="./sap/ZHR_MNGMNT_FRA_TRANS_SRV/$metadata"/><atom:link xmlns:atom="http://www.w3.org/2005/Atom" rel="latest-version" href="./sap/ZHR_MNGMNT_FRA_TRANS_SRV/$metadata"/></Schema>
	</edmx:DataServices>
</edmx:Edmx>