[{
	"Mandt": "Mandt 1",
	"Pernr": "Pernr 1",
	"Id": "Id 1",
	"Nom": "Nom 1",
	"Begda": "/Date(1230574181000)/",
	"Endda": "/Date(1134151781000)/",
	"DistancePrevu": 792.26,
	"DistanceParcouru": 9443.37,
	"TempsPrevu": "PT6H55M47S",
	"TempsEnMotion": "PT21H44M51S",
	"RemarqueAdmin": "RemarqueAdmin 1",
	"RemarqueUser": "RemarqueUser 1",
	"FraisTrajet": 1898.54,
	"MontantRembourse": 1082.41,
	"Etat": "Etat 1",
	"RaisonTrajet": "RaisonTrajet 1",
	"ModeEncodage": "ModeEncodage 1",
	"__metadata": {
		"uri": "Trajet_SpecifiqueSet(Mandt='Mandt%201',Pernr='Pernr%201',Id='Id%201')",
		"type": "ZHR_MNGMNT_FRA_TRANS_SRV.Trajet_Specifique"
	}
}, {
	"Mandt": "Mandt 2",
	"Pernr": "Pernr 2",
	"Id": "Id 2",
	"Nom": "Nom 2",
	"Begda": "/Date(1485626981000)/",
	"Endda": "/Date(1545934181000)/",
	"DistancePrevu": 6618.7,
	"DistanceParcouru": 2383.08,
	"TempsPrevu": "PT15H29M36S",
	"TempsEnMotion": "PT9H1M17S",
	"RemarqueAdmin": "RemarqueAdmin 2",
	"RemarqueUser": "RemarqueUser 2",
	"FraisTrajet": 8548.36,
	"MontantRembourse": 6959.46,
	"Etat": "Etat 2",
	"RaisonTrajet": "RaisonTrajet 2",
	"ModeEncodage": "ModeEncodage 2",
	"__metadata": {
		"uri": "Trajet_SpecifiqueSet(Mandt='Mandt%202',Pernr='Pernr%202',Id='Id%202')",
		"type": "ZHR_MNGMNT_FRA_TRANS_SRV.Trajet_Specifique"
	}
}, {
	"Mandt": "Mandt 3",
	"Pernr": "Pernr 3",
	"Id": "Id 3",
	"Nom": "Nom 3",
	"Begda": "/Date(1316970581000)/",
	"Endda": "/Date(1088442581000)/",
	"DistancePrevu": 251.74,
	"DistanceParcouru": 5925.62,
	"TempsPrevu": "PT6H43M43S",
	"TempsEnMotion": "PT16H57M32S",
	"RemarqueAdmin": "RemarqueAdmin 3",
	"RemarqueUser": "RemarqueUser 3",
	"FraisTrajet": 2342.41,
	"MontantRembourse": 5615.07,
	"Etat": "Etat 3",
	"RaisonTrajet": "RaisonTrajet 3",
	"ModeEncodage": "ModeEncodage 3",
	"__metadata": {
		"uri": "Trajet_SpecifiqueSet(Mandt='Mandt%203',Pernr='Pernr%203',Id='Id%203')",
		"type": "ZHR_MNGMNT_FRA_TRANS_SRV.Trajet_Specifique"
	}
}, {
	"Mandt": "Mandt 4",
	"Pernr": "Pernr 4",
	"Id": "Id 4",
	"Nom": "Nom 4",
	"Begda": "/Date(1074276581000)/",
	"Endda": "/Date(1203962981000)/",
	"DistancePrevu": 6240.58,
	"DistanceParcouru": 5720.06,
	"TempsPrevu": "PT17H46M40S",
	"TempsEnMotion": "PT22H55M25S",
	"RemarqueAdmin": "RemarqueAdmin 4",
	"RemarqueUser": "RemarqueUser 4",
	"FraisTrajet": 775.84,
	"MontantRembourse": 9007.52,
	"Etat": "Etat 4",
	"RaisonTrajet": "RaisonTrajet 4",
	"ModeEncodage": "ModeEncodage 4",
	"__metadata": {
		"uri": "Trajet_SpecifiqueSet(Mandt='Mandt%204',Pernr='Pernr%204',Id='Id%204')",
		"type": "ZHR_MNGMNT_FRA_TRANS_SRV.Trajet_Specifique"
	}
}, {
	"Mandt": "Mandt 5",
	"Pernr": "Pernr 5",
	"Id": "Id 5",
	"Nom": "Nom 5",
	"Begda": "/Date(1366045781000)/",
	"Endda": "/Date(1217696981000)/",
	"DistancePrevu": 5023.77,
	"DistanceParcouru": 1411.94,
	"TempsPrevu": "PT1H39M56S",
	"TempsEnMotion": "PT12H58M23S",
	"RemarqueAdmin": "RemarqueAdmin 5",
	"RemarqueUser": "RemarqueUser 5",
	"FraisTrajet": 5794.13,
	"MontantRembourse": 8235.42,
	"Etat": "Etat 5",
	"RaisonTrajet": "RaisonTrajet 5",
	"ModeEncodage": "ModeEncodage 5",
	"__metadata": {
		"uri": "Trajet_SpecifiqueSet(Mandt='Mandt%205',Pernr='Pernr%205',Id='Id%205')",
		"type": "ZHR_MNGMNT_FRA_TRANS_SRV.Trajet_Specifique"
	}
}, {
	"Mandt": "Mandt 6",
	"Pernr": "Pernr 6",
	"Id": "Id 6",
	"Nom": "Nom 6",
	"Begda": "/Date(996080981000)/",
	"Endda": "/Date(1079460581000)/",
	"DistancePrevu": 5995.99,
	"DistanceParcouru": 6099.91,
	"TempsPrevu": "PT6H40M49S",
	"TempsEnMotion": "PT15H22M39S",
	"RemarqueAdmin": "RemarqueAdmin 6",
	"RemarqueUser": "RemarqueUser 6",
	"FraisTrajet": 6896.85,
	"MontantRembourse": 3318.94,
	"Etat": "Etat 6",
	"RaisonTrajet": "RaisonTrajet 6",
	"ModeEncodage": "ModeEncodage 6",
	"__metadata": {
		"uri": "Trajet_SpecifiqueSet(Mandt='Mandt%206',Pernr='Pernr%206',Id='Id%206')",
		"type": "ZHR_MNGMNT_FRA_TRANS_SRV.Trajet_Specifique"
	}
}, {
	"Mandt": "Mandt 7",
	"Pernr": "Pernr 7",
	"Id": "Id 7",
	"Nom": "Nom 7",
	"Begda": "/Date(1304269781000)/",
	"Endda": "/Date(1410282581000)/",
	"DistancePrevu": 7821.92,
	"DistanceParcouru": 3543.63,
	"TempsPrevu": "PT5H48M13S",
	"TempsEnMotion": "PT19H54M39S",
	"RemarqueAdmin": "RemarqueAdmin 7",
	"RemarqueUser": "RemarqueUser 7",
	"FraisTrajet": 6843.54,
	"MontantRembourse": 2434.08,
	"Etat": "Etat 7",
	"RaisonTrajet": "RaisonTrajet 7",
	"ModeEncodage": "ModeEncodage 7",
	"__metadata": {
		"uri": "Trajet_SpecifiqueSet(Mandt='Mandt%207',Pernr='Pernr%207',Id='Id%207')",
		"type": "ZHR_MNGMNT_FRA_TRANS_SRV.Trajet_Specifique"
	}
}, {
	"Mandt": "Mandt 8",
	"Pernr": "Pernr 8",
	"Id": "Id 8",
	"Nom": "Nom 8",
	"Begda": "/Date(985025381000)/",
	"Endda": "/Date(1557680981000)/",
	"DistancePrevu": 4022.74,
	"DistanceParcouru": 7987.78,
	"TempsPrevu": "PT20H55M39S",
	"TempsEnMotion": "PT17H35M15S",
	"RemarqueAdmin": "RemarqueAdmin 8",
	"RemarqueUser": "RemarqueUser 8",
	"FraisTrajet": 8838.41,
	"MontantRembourse": 53.47,
	"Etat": "Etat 8",
	"RaisonTrajet": "RaisonTrajet 8",
	"ModeEncodage": "ModeEncodage 8",
	"__metadata": {
		"uri": "Trajet_SpecifiqueSet(Mandt='Mandt%208',Pernr='Pernr%208',Id='Id%208')",
		"type": "ZHR_MNGMNT_FRA_TRANS_SRV.Trajet_Specifique"
	}
}, {
	"Mandt": "Mandt 9",
	"Pernr": "Pernr 9",
	"Id": "Id 9",
	"Nom": "Nom 9",
	"Begda": "/Date(1436029781000)/",
	"Endda": "/Date(1098724181000)/",
	"DistancePrevu": 5463.87,
	"DistanceParcouru": 6972.49,
	"TempsPrevu": "PT8H32M40S",
	"TempsEnMotion": "PT22H21M21S",
	"RemarqueAdmin": "RemarqueAdmin 9",
	"RemarqueUser": "RemarqueUser 9",
	"FraisTrajet": 448.24,
	"MontantRembourse": 4704.94,
	"Etat": "Etat 9",
	"RaisonTrajet": "RaisonTrajet 9",
	"ModeEncodage": "ModeEncodage 9",
	"__metadata": {
		"uri": "Trajet_SpecifiqueSet(Mandt='Mandt%209',Pernr='Pernr%209',Id='Id%209')",
		"type": "ZHR_MNGMNT_FRA_TRANS_SRV.Trajet_Specifique"
	}
}, {
	"Mandt": "Mandt 10",
	"Pernr": "Pernr 10",
	"Id": "Id 10",
	"Nom": "Nom 10",
	"Begda": "/Date(1495991381000)/",
	"Endda": "/Date(1105380581000)/",
	"DistancePrevu": 5464.11,
	"DistanceParcouru": 216.95,
	"TempsPrevu": "PT1H38M55S",
	"TempsEnMotion": "PT14H42M18S",
	"RemarqueAdmin": "RemarqueAdmin 10",
	"RemarqueUser": "RemarqueUser 10",
	"FraisTrajet": 8114.38,
	"MontantRembourse": 7850,
	"Etat": "Etat 10",
	"RaisonTrajet": "RaisonTrajet 10",
	"ModeEncodage": "ModeEncodage 10",
	"__metadata": {
		"uri": "Trajet_SpecifiqueSet(Mandt='Mandt%2010',Pernr='Pernr%2010',Id='Id%2010')",
		"type": "ZHR_MNGMNT_FRA_TRANS_SRV.Trajet_Specifique"
	}
}]